hadzapid,sex,age,campid,camppop,prizehunt,prizeforage,watching,firstgame,h1played,h2played,h3played,h4played,h5played,h1win,h2win,h3win,h4win,h5win,h1condition,h2condition,h3condition,h4condition,h5condition,f1played,f2played,f3played,f4played,f5played,f1win,f2win,f3win,f4win,f5win,f1condition,f2condition,f3condition,f4condition,f5condition,2ndtry,notes
1079,M,35,A,11,Red,Green,y,FORAGING,Y,,,,,N,,,,,NoPay_Bracelet,Pay_Bracelet,Pay_Bracelet,Pay_Bracelet,Pay_Bracelet,Y,,,,,Y,,,,,NoPay_Bracelet,Pay_Bracelet,Pay_Bracelet,Pay_Bracelet,Pay_Bracelet,0,
501,M,53,A,11,Red,Green,y,HUNTING,Y,,,,,Y,,,,,NoPay_Bracelet,Pay_Bracelet,Pay_Bracelet,Pay_Bracelet,Pay_Bracelet,Y,,,,,Y,,,,,NoPay_Bracelet,Pay_Bracelet,Pay_Bracelet,Pay_Bracelet,Pay_Bracelet,0,
383,M,33,A,11,Red,Green,y,FORAGING,Y,,,,,N,,,,,NoPay_Bracelet,Pay_Bracelet,Pay_Bracelet,Pay_Bracelet,Pay_Bracelet,Y,,,,,N,,,,,NoPay_Bracelet,Pay_Bracelet,Pay_Bracelet,Pay_Bracelet,Pay_Bracelet,0,
789,M,34,A,11,Red,Green,y,FORAGING,Y,,,,,N,,,,,NoPay_Bracelet,Pay_Bracelet,Pay_Bracelet,Pay_Bracelet,Pay_Bracelet,Y,,,,,Y,,,,,NoPay_Bracelet,Pay_Bracelet,Pay_Bracelet,Pay_Bracelet,Pay_Bracelet,0,
A7,M,67,A,11,Red,Green,y,HUNTING,Y,,,,,Y,,,,,NoPay_Bracelet,Pay_Bracelet,Pay_Bracelet,Pay_Bracelet,Pay_Bracelet,Y,,,,,N,,,,,NoPay_Bracelet,Pay_Bracelet,Pay_Bracelet,Pay_Bracelet,Pay_Bracelet,0,
A1,M,65,A,11,Red,Green,y,HUNTING,Y,,,,,N,,,,,NoPay_Bracelet,Pay_Bracelet,Pay_Bracelet,Pay_Bracelet,Pay_Bracelet,Y,,,,,N,,,,,NoPay_Bracelet,Pay_Bracelet,Pay_Bracelet,Pay_Bracelet,Pay_Bracelet,0,
A105,F,37,A,11,Red,Green,y,HUNTING,Y,,,,,N,,,,,NoPay_Bracelet,Pay_Bracelet,Pay_Bracelet,Pay_Bracelet,Pay_Bracelet,Y,,,,,N,,,,,NoPay_Bracelet,Pay_Bracelet,Pay_Bracelet,Pay_Bracelet,Pay_Bracelet,0,
2,F,38,A,11,Red,Green,y,HUNTING,Y,,,,,N,,,,,NoPay_Bracelet,Pay_Bracelet,Pay_Bracelet,Pay_Bracelet,Pay_Bracelet,Y,,,,,Y,,,,,NoPay_Bracelet,Pay_Bracelet,Pay_Bracelet,Pay_Bracelet,Pay_Bracelet,0,
386,F,55,A,11,Red,Green,y,FORAGING,Y,,,,,N,,,,,NoPay_Bracelet,Pay_Bracelet,Pay_Bracelet,Pay_Bracelet,Pay_Bracelet,Y,,,,,Y,,,,,NoPay_Bracelet,Pay_Bracelet,Pay_Bracelet,Pay_Bracelet,Pay_Bracelet,0,
A117,F,50,A,11,Red,Green,y,HUNTING,Y,,,,,N,,,,,NoPay_Bracelet,Pay_Bracelet,Pay_Bracelet,Pay_Bracelet,Pay_Bracelet,Y,,,,,Y,,,,,NoPay_Bracelet,Pay_Bracelet,Pay_Bracelet,Pay_Bracelet,Pay_Bracelet,0,
554,F,24,A,11,Red,Green,y,FORAGING,Y,,,,,Y,,,,,NoPay_Bracelet,Pay_Bracelet,Pay_Bracelet,Pay_Bracelet,Pay_Bracelet,Y,,,,,Y,,,,,NoPay_Bracelet,Pay_Bracelet,Pay_Bracelet,Pay_Bracelet,Pay_Bracelet,0,
A10,M,22,B,8,Red,Green,y,FORAGING,Y,,,,,N,,,,,NoPay_Bracelet,Pay_Bracelet,Pay_Bracelet,Pay_Bracelet,Pay_Bracelet,Y,,,,,Y,,,,,NoPay_Bracelet,Pay_Bracelet,Pay_Bracelet,Pay_Bracelet,Pay_Bracelet,0,
A13,M,25,B,8,Red,Green,y,FORAGING,Y,,,,,N,,,,,NoPay_Bracelet,Pay_Bracelet,Pay_Bracelet,Pay_Bracelet,Pay_Bracelet,Y,,,,,Y,,,,,NoPay_Bracelet,Pay_Bracelet,Pay_Bracelet,Pay_Bracelet,Pay_Bracelet,0,
A14,M,57,B,8,Red,Green,y,FORAGING,Y,,,,,N,,,,,NoPay_Bracelet,Pay_Bracelet,Pay_Bracelet,Pay_Bracelet,Pay_Bracelet,Y,,,,,Y,,,,,NoPay_Bracelet,Pay_Bracelet,Pay_Bracelet,Pay_Bracelet,Pay_Bracelet,0,
A15,M,54,B,8,Red,Green,y,FORAGING,Y,,,,,N,,,,,NoPay_Bracelet,Pay_Bracelet,Pay_Bracelet,Pay_Bracelet,Pay_Bracelet,Y,,,,,N,,,,,NoPay_Bracelet,Pay_Bracelet,Pay_Bracelet,Pay_Bracelet,Pay_Bracelet,0,
A125,F,56,B,8,Red,Green,y,FORAGING,Y,,,,,N,,,,,NoPay_Bracelet,Pay_Bracelet,Pay_Bracelet,Pay_Bracelet,Pay_Bracelet,Y,,,,,N,,,,,NoPay_Bracelet,Pay_Bracelet,Pay_Bracelet,Pay_Bracelet,Pay_Bracelet,0,
A122,F,36,B,8,Red,Green,y,HUNTING,Y,,,,,N,,,,,NoPay_Bracelet,Pay_Bracelet,Pay_Bracelet,Pay_Bracelet,Pay_Bracelet,Y,,,,,N,,,,,NoPay_Bracelet,Pay_Bracelet,Pay_Bracelet,Pay_Bracelet,Pay_Bracelet,0,
806,F,38,B,8,Red,Green,y,HUNTING,Y,,,,,N,,,,,NoPay_Bracelet,Pay_Bracelet,Pay_Bracelet,Pay_Bracelet,Pay_Bracelet,Y,,,,,Y,,,,,NoPay_Bracelet,Pay_Bracelet,Pay_Bracelet,Pay_Bracelet,Pay_Bracelet,0,
A124,F,38,B,8,Red,Green,y,HUNTING,Y,,,,,Y,,,,,NoPay_Bracelet,Pay_Bracelet,Pay_Bracelet,Pay_Bracelet,Pay_Bracelet,Y,,,,,Y,,,,,NoPay_Bracelet,Pay_Bracelet,Pay_Bracelet,Pay_Bracelet,Pay_Bracelet,0,
312,M,57,C,29,Red,Green,y,HUNTING,Y,,,,,N,,,,,NoPay_Bracelet,Pay_Bracelet,Pay_Bracelet,Pay_Bracelet,Pay_Bracelet,Y,,,,,Y,,,,,NoPay_Bracelet,Pay_Bracelet,Pay_Bracelet,Pay_Bracelet,Pay_Bracelet,0,
246,M,35,C,29,Red,Green,y,HUNTING,Y,,,,,Y,,,,,NoPay_Bracelet,Pay_Bracelet,Pay_Bracelet,Pay_Bracelet,Pay_Bracelet,Y,,,,,N,,,,,NoPay_Bracelet,Pay_Bracelet,Pay_Bracelet,Pay_Bracelet,Pay_Bracelet,0,
111,M,27,C,29,Red,Green,y,HUNTING,Y,,,,,N,,,,,NoPay_Bracelet,Pay_Bracelet,Pay_Bracelet,Pay_Bracelet,Pay_Bracelet,Y,,,,,N,,,,,NoPay_Bracelet,Pay_Bracelet,Pay_Bracelet,Pay_Bracelet,Pay_Bracelet,0,
339,M,46,C,29,Red,Green,y,HUNTING,Y,Y,,,,N,Y,,,,NoPay_Bracelet,Pay_Bracelet,Pay_Bracelet,Pay_Bracelet,Pay_Bracelet,Y,,,,,N,,,,,NoPay_Bracelet,Pay_Bracelet,Pay_Bracelet,Pay_Bracelet,Pay_Bracelet,0,
A4,M,50,C,29,Red,Green,y,FORAGING,Y,,,,,Y,,,,,NoPay_Bracelet,Pay_Bracelet,Pay_Bracelet,Pay_Bracelet,Pay_Bracelet,Y,,,,,N,,,,,NoPay_Bracelet,Pay_Bracelet,Pay_Bracelet,Pay_Bracelet,Pay_Bracelet,0,
A12,M,25,C,29,Red,Green,y,HUNTING,Y,,,,,N,,,,,NoPay_Bracelet,Pay_Bracelet,Pay_Bracelet,Pay_Bracelet,Pay_Bracelet,Y,,,,,Y,,,,,NoPay_Bracelet,Pay_Bracelet,Pay_Bracelet,Pay_Bracelet,Pay_Bracelet,0,
A6,M,38,C,29,Red,Green,y,HUNTING,Y,,,,,N,,,,,NoPay_Bracelet,Pay_Bracelet,Pay_Bracelet,Pay_Bracelet,Pay_Bracelet,Y,,,,,Y,,,,,NoPay_Bracelet,Pay_Bracelet,Pay_Bracelet,Pay_Bracelet,Pay_Bracelet,0,
A8,M,47,C,29,Red,Green,y,FORAGING,Y,,,,,N,,,,,NoPay_Bracelet,Pay_Bracelet,Pay_Bracelet,Pay_Bracelet,Pay_Bracelet,Y,,,,,N,,,,,NoPay_Bracelet,Pay_Bracelet,Pay_Bracelet,Pay_Bracelet,Pay_Bracelet,0,
A9,M,75,C,29,Red,Green,y,HUNTING,Y,,,,,N,,,,,NoPay_Bracelet,Pay_Bracelet,Pay_Bracelet,Pay_Bracelet,Pay_Bracelet,Y,,,,,N,,,,,NoPay_Bracelet,Pay_Bracelet,Pay_Bracelet,Pay_Bracelet,Pay_Bracelet,0,
A17,M,68,C,29,Red,Green,y,HUNTING,Y,,,,,Y,,,,,NoPay_Bracelet,Pay_Bracelet,Pay_Bracelet,Pay_Bracelet,Pay_Bracelet,Y,,,,,N,,,,,NoPay_Bracelet,Pay_Bracelet,Pay_Bracelet,Pay_Bracelet,Pay_Bracelet,0,
A11,M,50,C,29,Red,Green,y,HUNTING,Y,,,,,N,,,,,NoPay_Bracelet,Pay_Bracelet,Pay_Bracelet,Pay_Bracelet,Pay_Bracelet,Y,,,,,Y,,,,,NoPay_Bracelet,Pay_Bracelet,Pay_Bracelet,Pay_Bracelet,Pay_Bracelet,0,
1032,M,24,C,29,Red,Green,y,HUNTING,Y,,,,,N,,,,,NoPay_Bracelet,Pay_Bracelet,Pay_Bracelet,Pay_Bracelet,Pay_Bracelet,Y,,,,,Y,,,,,NoPay_Bracelet,Pay_Bracelet,Pay_Bracelet,Pay_Bracelet,Pay_Bracelet,0,
A17,M,48,C,29,Red,Green,y,FORAGING,Y,,,,,Y,,,,,NoPay_Bracelet,Pay_Bracelet,Pay_Bracelet,Pay_Bracelet,Pay_Bracelet,Y,,,,,Y,,,,,NoPay_Bracelet,Pay_Bracelet,Pay_Bracelet,Pay_Bracelet,Pay_Bracelet,0,
A121,F,18,C,29,Red,Green,y,FORAGING,Y,,,,,Y,,,,,NoPay_Bracelet,Pay_Bracelet,Pay_Bracelet,Pay_Bracelet,Pay_Bracelet,Y,,,,,Y,,,,,NoPay_Bracelet,Pay_Bracelet,Pay_Bracelet,Pay_Bracelet,Pay_Bracelet,0,
A116,F,52,C,29,Red,Green,y,FORAGING,Y,Y,,,,N,N,,,,NoPay_Bracelet,Pay_Bracelet,Pay_Bracelet,Pay_Bracelet,Pay_Bracelet,Y,,,,,N,,,,,NoPay_Bracelet,Pay_Bracelet,Pay_Bracelet,Pay_Bracelet,Pay_Bracelet,0,
A102,F,38,C,29,Red,Green,y,FORAGING,Y,,,,,N,,,,,NoPay_Bracelet,Pay_Bracelet,Pay_Bracelet,Pay_Bracelet,Pay_Bracelet,Y,,,,,N,,,,,NoPay_Bracelet,Pay_Bracelet,Pay_Bracelet,Pay_Bracelet,Pay_Bracelet,0,
1140,F,28,C,29,Red,Green,y,HUNTING,Y,,,,,N,,,,,NoPay_Bracelet,Pay_Bracelet,Pay_Bracelet,Pay_Bracelet,Pay_Bracelet,Y,,,,,N,,,,,NoPay_Bracelet,Pay_Bracelet,Pay_Bracelet,Pay_Bracelet,Pay_Bracelet,0,
863,F,38,C,29,Red,Green,y,HUNTING,Y,,,,,N,,,,,NoPay_Bracelet,Pay_Bracelet,Pay_Bracelet,Pay_Bracelet,Pay_Bracelet,Y,,,,,N,,,,,NoPay_Bracelet,Pay_Bracelet,Pay_Bracelet,Pay_Bracelet,Pay_Bracelet,0,
195,F,40,C,29,Red,Green,y,HUNTING,Y,,,,,N,,,,,NoPay_Bracelet,Pay_Bracelet,Pay_Bracelet,Pay_Bracelet,Pay_Bracelet,Y,,,,,Y,,,,,NoPay_Bracelet,Pay_Bracelet,Pay_Bracelet,Pay_Bracelet,Pay_Bracelet,0,
A104,F,35,C,29,Red,Green,y,FORAGING,Y,,,,,N,,,,,NoPay_Bracelet,Pay_Bracelet,Pay_Bracelet,Pay_Bracelet,Pay_Bracelet,Y,,,,,N,,,,,NoPay_Bracelet,Pay_Bracelet,Pay_Bracelet,Pay_Bracelet,Pay_Bracelet,0,
A120,F,22,C,29,Red,Green,y,FORAGING,Y,,,,,N,,,,,NoPay_Bracelet,Pay_Bracelet,Pay_Bracelet,Pay_Bracelet,Pay_Bracelet,Y,,,,,Y,,,,,NoPay_Bracelet,Pay_Bracelet,Pay_Bracelet,Pay_Bracelet,Pay_Bracelet,0,
6098,F,21,C,29,Red,Green,y,HUNTING,Y,,,,,N,,,,,NoPay_Bracelet,Pay_Bracelet,Pay_Bracelet,Pay_Bracelet,Pay_Bracelet,Y,,,,,Y,,,,,NoPay_Bracelet,Pay_Bracelet,Pay_Bracelet,Pay_Bracelet,Pay_Bracelet,0,
A108,F,21,C,29,Red,Green,y,FORAGING,Y,,,,,N,,,,,NoPay_Bracelet,Pay_Bracelet,Pay_Bracelet,Pay_Bracelet,Pay_Bracelet,Y,,,,,N,,,,,NoPay_Bracelet,Pay_Bracelet,Pay_Bracelet,Pay_Bracelet,Pay_Bracelet,0,
A109,F,24,C,29,Red,Green,y,HUNTING,Y,,,,,N,,,,,NoPay_Bracelet,Pay_Bracelet,Pay_Bracelet,Pay_Bracelet,Pay_Bracelet,Y,,,,,Y,,,,,NoPay_Bracelet,Pay_Bracelet,Pay_Bracelet,Pay_Bracelet,Pay_Bracelet,0,
A110,F,25,C,29,Red,Green,y,FORAGING,Y,Y,,,,N,N,,,,NoPay_Bracelet,Pay_Bracelet,Pay_Bracelet,Pay_Bracelet,Pay_Bracelet,Y,Y,,,,Y,Y,,,,NoPay_Bracelet,Pay_Bracelet,Pay_Bracelet,Pay_Bracelet,Pay_Bracelet,0,
A111,F,34,C,29,Red,Green,y,FORAGING,Y,,,,,N,,,,,NoPay_Bracelet,Pay_Bracelet,Pay_Bracelet,Pay_Bracelet,Pay_Bracelet,Y,,,,,Y,,,,,NoPay_Bracelet,Pay_Bracelet,Pay_Bracelet,Pay_Bracelet,Pay_Bracelet,0,
A113,F,25,C,29,Red,Green,y,HUNTING,Y,,,,,N,,,,,NoPay_Bracelet,Pay_Bracelet,Pay_Bracelet,Pay_Bracelet,Pay_Bracelet,Y,,,,,Y,,,,,NoPay_Bracelet,Pay_Bracelet,Pay_Bracelet,Pay_Bracelet,Pay_Bracelet,0,
A114,F,42,C,29,Red,Green,y,FORAGING,Y,,,,,N,,,,,NoPay_Bracelet,Pay_Bracelet,Pay_Bracelet,Pay_Bracelet,Pay_Bracelet,Y,,,,,Y,,,,,NoPay_Bracelet,Pay_Bracelet,Pay_Bracelet,Pay_Bracelet,Pay_Bracelet,0,
A115,F,35,C,29,Red,Green,y,HUNTING,Y,,,,,N,,,,,NoPay_Bracelet,Pay_Bracelet,Pay_Bracelet,Pay_Bracelet,Pay_Bracelet,Y,,,,,Y,,,,,NoPay_Bracelet,Pay_Bracelet,Pay_Bracelet,Pay_Bracelet,Pay_Bracelet,0,
6321,M,61,D,12,Green,Red,y,HUNTING,Y,,,,,N,,,,,NoPay_Bracelet,Pay_Bracelet,Pay_Bracelet,Pay_Bracelet,Pay_Bracelet,Y,,,,,N,,,,,NoPay_Bracelet,Pay_Bracelet,Pay_Bracelet,Pay_Bracelet,Pay_Bracelet,0,
136,M,46,D,12,Green,Red,y,FORAGING,Y,,,,,N,,,,,NoPay_Bracelet,Pay_Bracelet,Pay_Bracelet,Pay_Bracelet,Pay_Bracelet,Y,,,,,Y,,,,,NoPay_Bracelet,Pay_Bracelet,Pay_Bracelet,Pay_Bracelet,Pay_Bracelet,0,
241,M,50,D,12,Green,Red,y,FORAGING,Y,,,,,Y,,,,,NoPay_Bracelet,Pay_Bracelet,Pay_Bracelet,Pay_Bracelet,Pay_Bracelet,Y,,,,,N,,,,,NoPay_Bracelet,Pay_Bracelet,Pay_Bracelet,Pay_Bracelet,Pay_Bracelet,0,
596,M,36,D,12,Green,Red,y,FORAGING,Y,,,,,Y,,,,,NoPay_Bracelet,Pay_Bracelet,Pay_Bracelet,Pay_Bracelet,Pay_Bracelet,Y,,,,,N,,,,,NoPay_Bracelet,Pay_Bracelet,Pay_Bracelet,Pay_Bracelet,Pay_Bracelet,0,
1105,F,56,D,12,Green,Red,y,HUNTING,Y,Y,Y,,,N,Y,N,,,NoPay_Bracelet,Pay_Bracelet,Pay_Bracelet,Pay_Bracelet,Pay_Bracelet,N,,,,,,,,,,NoPay_Bracelet,Pay_Bracelet,Pay_Bracelet,Pay_Bracelet,Pay_Bracelet,0,
192,F,36,D,12,Green,Red,y,HUNTING,Y,Y,,,,N,N,,,,NoPay_Bracelet,Pay_Bracelet,Pay_Bracelet,Pay_Bracelet,Pay_Bracelet,Y,,,,,Y,,,,,NoPay_Bracelet,Pay_Bracelet,Pay_Bracelet,Pay_Bracelet,Pay_Bracelet,0,
6016,F,20,D,12,Green,Red,y,HUNTING,Y,Y,Y,Y,Y,N,Y,N,N,N,NoPay_Bracelet,Pay_Bracelet,Pay_Bracelet,Pay_Bracelet,Pay_Bracelet,Y,,,,,N,,,,,NoPay_Bracelet,Pay_Bracelet,Pay_Bracelet,Pay_Bracelet,Pay_Bracelet,0,twice?
446,F,44,D,12,Green,Red,y,FORAGING,Y,,,,,N,,,,,NoPay_Bracelet,Pay_Bracelet,Pay_Bracelet,Pay_Bracelet,Pay_Bracelet,Y,,,,,N,,,,,NoPay_Bracelet,Pay_Bracelet,Pay_Bracelet,Pay_Bracelet,Pay_Bracelet,0,
2129,F,62,D,12,Green,Red,y,FORAGING,Y,Y,,,,N,N,,,,NoPay_Bracelet,Pay_Bracelet,Pay_Bracelet,Pay_Bracelet,Pay_Bracelet,Y,,,,,Y,,,,,NoPay_Bracelet,Pay_Bracelet,Pay_Bracelet,Pay_Bracelet,Pay_Bracelet,0,
1718,F,31,D,12,Green,Red,y,FORAGING,Y,,,,,N,,,,,NoPay_Bracelet,Pay_Bracelet,Pay_Bracelet,Pay_Bracelet,Pay_Bracelet,Y,,,,,Y,,,,,NoPay_Bracelet,Pay_Bracelet,Pay_Bracelet,Pay_Bracelet,Pay_Bracelet,0,twice?
A130,F,18,D,12,Green,Red,y,HUNTING,Y,,,,,N,,,,,NoPay_Bracelet,Pay_Bracelet,Pay_Bracelet,Pay_Bracelet,Pay_Bracelet,Y,,,,,Y,,,,,NoPay_Bracelet,Pay_Bracelet,Pay_Bracelet,Pay_Bracelet,Pay_Bracelet,0,
A131,F,43,D,12,Green,Red,y,HUNTING,Y,,,,,Y,,,,,NoPay_Bracelet,Pay_Bracelet,Pay_Bracelet,Pay_Bracelet,Pay_Bracelet,Y,,,,,N,,,,,NoPay_Bracelet,Pay_Bracelet,Pay_Bracelet,Pay_Bracelet,Pay_Bracelet,0,
237,M,34,E,10,Green,Red,y,HUNTING,Y,Y,Y,Y,Y,N,N,N,N,N,NoPay_Bracelet,Pay_Bracelet,Pay_Bracelet,Pay_Bracelet,Pay_Bracelet,Y,Y,,,,N,Y,,,,NoPay_Bracelet,Pay_Bracelet,Pay_Bracelet,Pay_Bracelet,Pay_Bracelet,0,
83,M,25,E,10,Green,Red,y,HUNTING,Y,Y,Y,Y,,N,N,N,Y,,NoPay_Bracelet,Pay_Bracelet,Pay_Bracelet,Pay_Bracelet,Pay_Bracelet,Y,,,,,Y,,,,,NoPay_Bracelet,Pay_Bracelet,Pay_Bracelet,Pay_Bracelet,Pay_Bracelet,0,
314,M,29,E,10,Green,Red,y,HUNTING,Y,Y,,,,N,N,,,,NoPay_Bracelet,Pay_Bracelet,Pay_Bracelet,Pay_Bracelet,Pay_Bracelet,Y,,,,,Y,,,,,NoPay_Bracelet,Pay_Bracelet,Pay_Bracelet,Pay_Bracelet,Pay_Bracelet,0,
625,M,29,E,10,Green,Red,y,HUNTING,Y,Y,Y,Y,Y,N,N,N,N,Y,NoPay_Bracelet,Pay_Bracelet,Pay_Bracelet,Pay_Bracelet,Pay_Bracelet,Y,,,,,Y,,,,,NoPay_Bracelet,Pay_Bracelet,Pay_Bracelet,Pay_Bracelet,Pay_Bracelet,0,
586,F,30,E,10,Green,Red,y,HUNTING,Y,,,,,N,,,,,NoPay_Bracelet,Pay_Bracelet,Pay_Bracelet,Pay_Bracelet,Pay_Bracelet,Y,Y,Y,,,N,N,N,,,NoPay_Bracelet,Pay_Bracelet,Pay_Bracelet,Pay_Bracelet,Pay_Bracelet,0,
1095,F,33,E,10,Green,Red,y,FORAGING,Y,,,,,N,,,,,NoPay_Bracelet,Pay_Bracelet,Pay_Bracelet,Pay_Bracelet,Pay_Bracelet,Y,Y,Y,,,N,Y,Y,,,NoPay_Bracelet,Pay_Bracelet,Pay_Bracelet,Pay_Bracelet,Pay_Bracelet,0,twice?
20,F,31,E,10,Green,Red,y,FORAGING,Y,Y,,,,N,Y,,,,NoPay_Bracelet,Pay_Bracelet,Pay_Bracelet,Pay_Bracelet,Pay_Bracelet,Y,Y,,,,Y,Y,,,,NoPay_Bracelet,Pay_Bracelet,Pay_Bracelet,Pay_Bracelet,Pay_Bracelet,0,twice?
396,F,40,E,10,Green,Red,y,HUNTING,Y,Y,,,,N,N,,,,NoPay_Bracelet,Pay_Bracelet,Pay_Bracelet,Pay_Bracelet,Pay_Bracelet,Y,Y,Y,Y,,Y,Y,N,Y,,NoPay_Bracelet,Pay_Bracelet,Pay_Bracelet,Pay_Bracelet,Pay_Bracelet,0,
17,F,37,E,10,Green,Red,y,HUNTING,Y,,,,,N,,,,,NoPay_Bracelet,Pay_Bracelet,Pay_Bracelet,Pay_Bracelet,Pay_Bracelet,Y,Y,,,,Y,Y,,,,NoPay_Bracelet,Pay_Bracelet,Pay_Bracelet,Pay_Bracelet,Pay_Bracelet,0,
1,F,40,E,10,Green,Red,y,HUNTING,Y,,,,,N,,,,,NoPay_Bracelet,Pay_Bracelet,Pay_Bracelet,Pay_Bracelet,Pay_Bracelet,Y,Y,,,,Y,Y,,,,NoPay_Bracelet,Pay_Bracelet,Pay_Bracelet,Pay_Bracelet,Pay_Bracelet,0,
612,M,48,F,9,Green,Red,y,HUNTING,Y,Y,,,,N,?,,,,NoPay_Bracelet,Pay_Bracelet,Pay_Bracelet,Pay_Bracelet,Pay_Bracelet,Y,Y,,,,Y,Y,,,,NoPay_Bracelet,Pay_Bracelet,Pay_Bracelet,Pay_Bracelet,Pay_Bracelet,0,
567,M,43,F,9,Green,Red,y,HUNTING,Y,,,,,N,,,,,NoPay_Bracelet,Pay_Bracelet,Pay_Bracelet,Pay_Bracelet,Pay_Bracelet,Y,Y,Y,Y,,N,N,N,Y,,NoPay_Bracelet,Pay_Bracelet,Pay_Bracelet,Pay_Bracelet,Pay_Bracelet,0,
A19,M,57,F,9,Green,Red,y,HUNTING,Y,,,,,N,,,,,NoPay_Bracelet,Pay_Bracelet,Pay_Bracelet,Pay_Bracelet,Pay_Bracelet,Y,,,,,N,,,,,NoPay_Bracelet,Pay_Bracelet,Pay_Bracelet,Pay_Bracelet,Pay_Bracelet,0,
A20,M,37,F,9,Green,Red,y,HUNTING,Y,,,,,N,,,,,NoPay_Bracelet,Pay_Bracelet,Pay_Bracelet,Pay_Bracelet,Pay_Bracelet,Y,,,,,N,,,,,NoPay_Bracelet,Pay_Bracelet,Pay_Bracelet,Pay_Bracelet,Pay_Bracelet,0,
751,M,36,F,9,Green,Red,y,FORAGING,Y,,,,,N,,,,,NoPay_Bracelet,Pay_Bracelet,Pay_Bracelet,Pay_Bracelet,Pay_Bracelet,Y,Y,,,,N,N,,,,NoPay_Bracelet,Pay_Bracelet,Pay_Bracelet,Pay_Bracelet,Pay_Bracelet,0,
6057,M,18,F,9,Green,Red,y,HUNTING,Y,Y,Y,Y,,N,N,N,N,,NoPay_Bracelet,Pay_Bracelet,Pay_Bracelet,Pay_Bracelet,Pay_Bracelet,Y,,,,,Y,,,,,NoPay_Bracelet,Pay_Bracelet,Pay_Bracelet,Pay_Bracelet,Pay_Bracelet,0,
1107,F,47,F,9,Green,Red,y,HUNTING,Y,,,,,Y,,,,,NoPay_Bracelet,Pay_Bracelet,Pay_Bracelet,Pay_Bracelet,Pay_Bracelet,Y,,,,,Y,,,,,NoPay_Bracelet,Pay_Bracelet,Pay_Bracelet,Pay_Bracelet,Pay_Bracelet,0,
96,F,36,F,9,Green,Red,y,FORAGING,Y,,,,,N,,,,,NoPay_Bracelet,Pay_Bracelet,Pay_Bracelet,Pay_Bracelet,Pay_Bracelet,Y,,,,,Y,,,,,NoPay_Bracelet,Pay_Bracelet,Pay_Bracelet,Pay_Bracelet,Pay_Bracelet,0,twice?
302,F,39,F,9,Green,Red,y,FORAGING,Y,,,,,N,,,,,NoPay_Bracelet,Pay_Bracelet,Pay_Bracelet,Pay_Bracelet,Pay_Bracelet,Y,,,,,N,,,,,NoPay_Bracelet,Pay_Bracelet,Pay_Bracelet,Pay_Bracelet,Pay_Bracelet,0,
56,M,20,G,12,Green,Red,y,HUNTING,Y,Y,Y,,,N,N,N,,,NoPay_Bracelet,Pay_Bracelet,Pay_Bracelet,Pay_Bracelet,Pay_Bracelet,Y,,,,,N,,,,,NoPay_Bracelet,Pay_Bracelet,Pay_Bracelet,Pay_Bracelet,Pay_Bracelet,0,
564,M,64,G,12,Green,Red,y,HUNTING,Y,,,,,N,,,,,NoPay_Bracelet,Pay_Bracelet,Pay_Bracelet,Pay_Bracelet,Pay_Bracelet,Y,,,,,Y,,,,,NoPay_Bracelet,Pay_Bracelet,Pay_Bracelet,Pay_Bracelet,Pay_Bracelet,0,
876,M,29,G,12,Green,Red,y,HUNTING,Y,,,,,N,,,,,NoPay_Bracelet,Pay_Bracelet,Pay_Bracelet,Pay_Bracelet,Pay_Bracelet,Y,,,,,N,,,,,NoPay_Bracelet,Pay_Bracelet,Pay_Bracelet,Pay_Bracelet,Pay_Bracelet,0,
367,M,41,G,12,Green,Red,y,FORAGING,Y,,,,,N,,,,,NoPay_Bracelet,Pay_Bracelet,Pay_Bracelet,Pay_Bracelet,Pay_Bracelet,Y,Y,,,,N,Y,,,,NoPay_Bracelet,Pay_Bracelet,Pay_Bracelet,Pay_Bracelet,Pay_Bracelet,0,
A18,M,20,G,12,Green,Red,y,FORAGING,Y,Y,,,,N,N,,,,NoPay_Bracelet,Pay_Bracelet,Pay_Bracelet,Pay_Bracelet,Pay_Bracelet,Y,,,,,Y,,,,,NoPay_Bracelet,Pay_Bracelet,Pay_Bracelet,Pay_Bracelet,Pay_Bracelet,0,twice?
72,F,36,G,12,Green,Red,y,HUNTING,Y,,,,,N,,,,,NoPay_Bracelet,Pay_Bracelet,Pay_Bracelet,Pay_Bracelet,Pay_Bracelet,Y,,,,,N,,,,,NoPay_Bracelet,Pay_Bracelet,Pay_Bracelet,Pay_Bracelet,Pay_Bracelet,0,
308,F,31,G,12,Green,Red,y,HUNTING,Y,,,,,N,,,,,NoPay_Bracelet,Pay_Bracelet,Pay_Bracelet,Pay_Bracelet,Pay_Bracelet,Y,,,,,Y,,,,,NoPay_Bracelet,Pay_Bracelet,Pay_Bracelet,Pay_Bracelet,Pay_Bracelet,0,
2182,F,29,G,12,Green,Red,y,FORAGING,Y,,,,,N,,,,,NoPay_Bracelet,Pay_Bracelet,Pay_Bracelet,Pay_Bracelet,Pay_Bracelet,Y,,,,,N,,,,,NoPay_Bracelet,Pay_Bracelet,Pay_Bracelet,Pay_Bracelet,Pay_Bracelet,0,
473,F,54,G,12,Green,Red,y,FORAGING,Y,,,,,N,,,,,NoPay_Bracelet,Pay_Bracelet,Pay_Bracelet,Pay_Bracelet,Pay_Bracelet,Y,,,,,N,,,,,NoPay_Bracelet,Pay_Bracelet,Pay_Bracelet,Pay_Bracelet,Pay_Bracelet,0,
A126,F,18,G,12,Green,Red,y,HUNTING,Y,,,,,N,,,,,NoPay_Bracelet,Pay_Bracelet,Pay_Bracelet,Pay_Bracelet,Pay_Bracelet,Y,,,,,Y,,,,,NoPay_Bracelet,Pay_Bracelet,Pay_Bracelet,Pay_Bracelet,Pay_Bracelet,0,
A125,F,17,G,12,Green,Red,y,HUNTING,Y,,,,,N,,,,,NoPay_Bracelet,Pay_Bracelet,Pay_Bracelet,Pay_Bracelet,Pay_Bracelet,Y,,,,,Y,,,,,NoPay_Bracelet,Pay_Bracelet,Pay_Bracelet,Pay_Bracelet,Pay_Bracelet,0,
76,F,19,G,12,Green,Red,y,FORAGING,Y,,,,,N,,,,,NoPay_Bracelet,Pay_Bracelet,Pay_Bracelet,Pay_Bracelet,Pay_Bracelet,Y,,,,,Y,,,,,NoPay_Bracelet,Pay_Bracelet,Pay_Bracelet,Pay_Bracelet,Pay_Bracelet,0,
365,M,58,H,6,Green,Red,y,FORAGING,Y,Y,,,,Y,N,,,,NoPay_Bracelet,Pay_Bracelet,Pay_Bracelet,Pay_Bracelet,Pay_Bracelet,Y,,,,,N,,,,,NoPay_Bracelet,Pay_Bracelet,Pay_Bracelet,Pay_Bracelet,Pay_Bracelet,0,
703,M,41,H,6,Green,Red,y,HUNTING,Y,Y,Y,,,N,N,N,,,NoPay_Bracelet,Pay_Bracelet,Pay_Bracelet,Pay_Bracelet,Pay_Bracelet,Y,,,,,Y,,,,,NoPay_Bracelet,Pay_Bracelet,Pay_Bracelet,Pay_Bracelet,Pay_Bracelet,0,
6104,F,25,H,6,Green,Red,y,HUNTING,Y,Y,,,,Y,N,,,,NoPay_Bracelet,Pay_Bracelet,Pay_Bracelet,Pay_Bracelet,Pay_Bracelet,Y,,,,,N,,,,,NoPay_Bracelet,Pay_Bracelet,Pay_Bracelet,Pay_Bracelet,Pay_Bracelet,0,
60,F,51,H,6,Green,Red,y,HUNTING,Y,,,,,N,,,,,NoPay_Bracelet,Pay_Bracelet,Pay_Bracelet,Pay_Bracelet,Pay_Bracelet,Y,,,,,N,,,,,NoPay_Bracelet,Pay_Bracelet,Pay_Bracelet,Pay_Bracelet,Pay_Bracelet,0,
1557,F,58,H,6,Green,Red,y,HUNTING,Y,,,,,N,,,,,NoPay_Bracelet,Pay_Bracelet,Pay_Bracelet,Pay_Bracelet,Pay_Bracelet,Y,,,,,N,,,,,NoPay_Bracelet,Pay_Bracelet,Pay_Bracelet,Pay_Bracelet,Pay_Bracelet,0,
A29,M,24,H,6,Green,Red,y,HUNTING,Y,Y,Y,,,N,N,N,,,NoPay_Bracelet,Pay_Bracelet,Pay_Bracelet,Pay_Bracelet,Pay_Bracelet,Y,,,,,Y,,,,,NoPay_Bracelet,Pay_Bracelet,Pay_Bracelet,Pay_Bracelet,Pay_Bracelet,0,
85,M,65,I,6,Red,Green,y,HUNTING,Y,,,,,Y,,,,,NoPay_Bracelet,Pay_Bracelet,Pay_Bracelet,Pay_Bracelet,Pay_Bracelet,Y,Y,,,,N,N,,,,NoPay_Bracelet,Pay_Bracelet,Pay_Bracelet,Pay_Bracelet,Pay_Bracelet,0,
6043,M,61,I,6,Red,Green,y,HUNTING,Y,,,,,N,,,,,NoPay_Bracelet,Pay_Bracelet,Pay_Bracelet,Pay_Bracelet,Pay_Bracelet,Y,,,,,N,,,,,NoPay_Bracelet,Pay_Bracelet,Pay_Bracelet,Pay_Bracelet,Pay_Bracelet,0,
121212,M,42,I,6,Red,Green,y,HUNTING,Y,,,,,N,,,,,NoPay_Bracelet,Pay_Bracelet,Pay_Bracelet,Pay_Bracelet,Pay_Bracelet,Y,,,,,Y,,,,,NoPay_Bracelet,Pay_Bracelet,Pay_Bracelet,Pay_Bracelet,Pay_Bracelet,0,
1615,F,30,I,6,Red,Green,y,HUNTING,Y,,,,,N,,,,,NoPay_Bracelet,Pay_Bracelet,Pay_Bracelet,Pay_Bracelet,Pay_Bracelet,Y,,,,,Y,,,,,NoPay_Bracelet,Pay_Bracelet,Pay_Bracelet,Pay_Bracelet,Pay_Bracelet,0,
101010,F,39,I,6,Red,Green,y,FORAGING,Y,,,,,N,,,,,NoPay_Bracelet,Pay_Bracelet,Pay_Bracelet,Pay_Bracelet,Pay_Bracelet,Y,,,,,Y,,,,,NoPay_Bracelet,Pay_Bracelet,Pay_Bracelet,Pay_Bracelet,Pay_Bracelet,0,
1536,F,42,I,6,Red,Green,y,HUNTING,Y,,,,,N,,,,,NoPay_Bracelet,Pay_Bracelet,Pay_Bracelet,Pay_Bracelet,Pay_Bracelet,Y,,,,,Y,,,,,NoPay_Bracelet,Pay_Bracelet,Pay_Bracelet,Pay_Bracelet,Pay_Bracelet,0,
29,F,43,J,5,Red,Green,y,HUNTING,Y,Y,,,,N,Y,,,,NoPay_Bracelet,Pay_Bracelet,Pay_Bracelet,Pay_Bracelet,Pay_Bracelet,Y,,,,,N,,,,,NoPay_Bracelet,Pay_Bracelet,Pay_Bracelet,Pay_Bracelet,Pay_Bracelet,0,
479,F,22,J,5,Red,Green,y,HUNTING,Y,,,,,Y,,,,,NoPay_Bracelet,Pay_Bracelet,Pay_Bracelet,Pay_Bracelet,Pay_Bracelet,Y,,,,,N,,,,,NoPay_Bracelet,Pay_Bracelet,Pay_Bracelet,Pay_Bracelet,Pay_Bracelet,0,
156,M,27,J,5,Red,Green,y,HUNTING,Y,,,,,N,,,,,NoPay_Bracelet,Pay_Bracelet,Pay_Bracelet,Pay_Bracelet,Pay_Bracelet,Y,,,,,Y,,,,,NoPay_Bracelet,Pay_Bracelet,Pay_Bracelet,Pay_Bracelet,Pay_Bracelet,0,
438,M,28,J,5,Red,Green,y,FORAGING,Y,,,,,N,,,,,NoPay_Bracelet,Pay_Bracelet,Pay_Bracelet,Pay_Bracelet,Pay_Bracelet,Y,,,,,Y,,,,,NoPay_Bracelet,Pay_Bracelet,Pay_Bracelet,Pay_Bracelet,Pay_Bracelet,0,
1776,M,46,J,5,Red,Green,y,HUNTING,Y,,,,,Y,,,,,NoPay_Bracelet,Pay_Bracelet,Pay_Bracelet,Pay_Bracelet,Pay_Bracelet,Y,,,,,Y,,,,,NoPay_Bracelet,Pay_Bracelet,Pay_Bracelet,Pay_Bracelet,Pay_Bracelet,0,
402,M,20,K,14,Red,Green,y,HUNTING,Y,Y,Y,,,N,N,N,,,NoPay_Bracelet,Pay_Bracelet,Pay_Bracelet,Pay_Bracelet,Pay_Bracelet,Y,,,,,N,,,,,NoPay_Bracelet,Pay_Bracelet,Pay_Bracelet,Pay_Bracelet,Pay_Bracelet,0,
A30,M,20,K,14,Red,Green,y,FORAGING,Y,,,,,N,,,,,NoPay_Bracelet,Pay_Bracelet,Pay_Bracelet,Pay_Bracelet,Pay_Bracelet,Y,,,,,Y,,,,,NoPay_Bracelet,Pay_Bracelet,Pay_Bracelet,Pay_Bracelet,Pay_Bracelet,0,
225,M,35,K,14,Red,Green,y,HUNTING,Y,Y,Y,Y,,N,N,Y,N,,NoPay_Bracelet,Pay_Bracelet,Pay_Bracelet,Pay_Bracelet,Pay_Bracelet,Y,,,,,Y,,,,,NoPay_Bracelet,Pay_Bracelet,Pay_Bracelet,Pay_Bracelet,Pay_Bracelet,0,
25,M,26,K,14,Red,Green,y,FORAGING,Y,Y,,,,N,N,,,,NoPay_Bracelet,Pay_Bracelet,Pay_Bracelet,Pay_Bracelet,Pay_Bracelet,Y,,,,,Y,,,,,NoPay_Bracelet,Pay_Bracelet,Pay_Bracelet,Pay_Bracelet,Pay_Bracelet,0,
A31,M,40,K,14,Red,Green,y,HUNTING,Y,Y,,,,N,N,,,,NoPay_Bracelet,Pay_Bracelet,Pay_Bracelet,Pay_Bracelet,Pay_Bracelet,Y,,,,,Y,,,,,NoPay_Bracelet,Pay_Bracelet,Pay_Bracelet,Pay_Bracelet,Pay_Bracelet,0,
1854,M,32,K,14,Red,Green,y,HUNTING,Y,,,,,N,,,,,NoPay_Bracelet,Pay_Bracelet,Pay_Bracelet,Pay_Bracelet,Pay_Bracelet,Y,,,,,Y,,,,,NoPay_Bracelet,Pay_Bracelet,Pay_Bracelet,Pay_Bracelet,Pay_Bracelet,0,
1708,M,31,K,14,Red,Green,y,FORAGING,Y,,,,,N,,,,,NoPay_Bracelet,Pay_Bracelet,Pay_Bracelet,Pay_Bracelet,Pay_Bracelet,Y,,,,,Y,,,,,NoPay_Bracelet,Pay_Bracelet,Pay_Bracelet,Pay_Bracelet,Pay_Bracelet,0,
6102,M,26,K,14,Red,Green,y,FORAGING,Y,,,,,N,,,,,NoPay_Bracelet,Pay_Bracelet,Pay_Bracelet,Pay_Bracelet,Pay_Bracelet,Y,,,,,Y,,,,,NoPay_Bracelet,Pay_Bracelet,Pay_Bracelet,Pay_Bracelet,Pay_Bracelet,0,
1862,F,48,K,14,Red,Green,y,HUNTING,Y,,,,,N,,,,,NoPay_Bracelet,Pay_Bracelet,Pay_Bracelet,Pay_Bracelet,Pay_Bracelet,Y,,,,,Y,,,,,NoPay_Bracelet,Pay_Bracelet,Pay_Bracelet,Pay_Bracelet,Pay_Bracelet,0,
614,F,43,K,14,Red,Green,y,FORAGING,Y,,,,,N,,,,,NoPay_Bracelet,Pay_Bracelet,Pay_Bracelet,Pay_Bracelet,Pay_Bracelet,Y,,,,,Y,,,,,NoPay_Bracelet,Pay_Bracelet,Pay_Bracelet,Pay_Bracelet,Pay_Bracelet,0,
89,F,34,K,14,Red,Green,y,HUNTING,Y,,,,,N,,,,,NoPay_Bracelet,Pay_Bracelet,Pay_Bracelet,Pay_Bracelet,Pay_Bracelet,Y,,,,,Y,,,,,NoPay_Bracelet,Pay_Bracelet,Pay_Bracelet,Pay_Bracelet,Pay_Bracelet,0,
A133,F,24,K,14,Red,Green,y,HUNTING,Y,,,,,N,,,,,NoPay_Bracelet,Pay_Bracelet,Pay_Bracelet,Pay_Bracelet,Pay_Bracelet,Y,,,,,N,,,,,NoPay_Bracelet,Pay_Bracelet,Pay_Bracelet,Pay_Bracelet,Pay_Bracelet,0,
A32,M,17,K,14,Red,Green,y,HUNTING,Y,,,,,N,,,,,NoPay_Bracelet,Pay_Bracelet,Pay_Bracelet,Pay_Bracelet,Pay_Bracelet,Y,,,,,N,,,,,NoPay_Bracelet,Pay_Bracelet,Pay_Bracelet,Pay_Bracelet,Pay_Bracelet,0,
A33,M,17,K,14,Red,Green,y,HUNTING,Y,,,,,N,,,,,NoPay_Bracelet,Pay_Bracelet,Pay_Bracelet,Pay_Bracelet,Pay_Bracelet,Y,,,,,Y,,,,,NoPay_Bracelet,Pay_Bracelet,Pay_Bracelet,Pay_Bracelet,Pay_Bracelet,0,
2158,M,36,L,10,NA,NA,y,HUNTING,Y,Y,Y,Y,,N,N,N,N,,NoPay_NoBracelet,Pay_NoBracelet,Pay_NoBracelet,Pay_NoBracelet,Pay_NoBracelet,Y,,,,,Y,,,,,NoPay_NoBracelet,Pay_NoBracelet,Pay_NoBracelet,Pay_NoBracelet,Pay_NoBracelet,0,
A26,M,53,L,10,NA,NA,y,HUNTING,Y,,,,,N,,,,,NoPay_NoBracelet,Pay_NoBracelet,Pay_NoBracelet,Pay_NoBracelet,Pay_NoBracelet,Y,,,,,N,,,,,NoPay_NoBracelet,Pay_NoBracelet,Pay_NoBracelet,Pay_NoBracelet,Pay_NoBracelet,0,
A27,M,32,L,10,NA,NA,y,FORAGING,Y,Y,Y,,,N,N,N,,,NoPay_NoBracelet,Pay_NoBracelet,Pay_NoBracelet,Pay_NoBracelet,Pay_NoBracelet,Y,,,,,N,,,,,NoPay_NoBracelet,Pay_NoBracelet,Pay_NoBracelet,Pay_NoBracelet,Pay_NoBracelet,0,
375,M,43,L,10,NA,NA,y,FORAGING,Y,Y,,,,N,N,,,,NoPay_NoBracelet,Pay_NoBracelet,Pay_NoBracelet,Pay_NoBracelet,Pay_NoBracelet,Y,,,,,N,,,,,NoPay_NoBracelet,Pay_NoBracelet,Pay_NoBracelet,Pay_NoBracelet,Pay_NoBracelet,0,
1555,M,24,L,10,NA,NA,y,HUNTING,Y,Y,Y,,,N,N,N,,,NoPay_NoBracelet,Pay_NoBracelet,Pay_NoBracelet,Pay_NoBracelet,Pay_NoBracelet,Y,,,,,N,,,,,NoPay_NoBracelet,Pay_NoBracelet,Pay_NoBracelet,Pay_NoBracelet,Pay_NoBracelet,0,
379,F,50,L,10,NA,NA,y,HUNTING,Y,Y,,,,N,N,,,,NoPay_NoBracelet,Pay_NoBracelet,Pay_NoBracelet,Pay_NoBracelet,Pay_NoBracelet,Y,,,,,N,,,,,NoPay_NoBracelet,Pay_NoBracelet,Pay_NoBracelet,Pay_NoBracelet,Pay_NoBracelet,0,
353,F,69,L,10,NA,NA,y,FORAGING,Y,,,,,N,,,,,NoPay_NoBracelet,Pay_NoBracelet,Pay_NoBracelet,Pay_NoBracelet,Pay_NoBracelet,Y,,,,,N,,,,,NoPay_NoBracelet,Pay_NoBracelet,Pay_NoBracelet,Pay_NoBracelet,Pay_NoBracelet,0,
1667,F,28,L,10,NA,NA,y,HUNTING,Y,,,,,N,,,,,NoPay_NoBracelet,Pay_NoBracelet,Pay_NoBracelet,Pay_NoBracelet,Pay_NoBracelet,Y,,,,,Y,,,,,NoPay_NoBracelet,Pay_NoBracelet,Pay_NoBracelet,Pay_NoBracelet,Pay_NoBracelet,0,
281,F,40,L,10,NA,NA,y,HUNTING,Y,,,,,N,,,,,NoPay_NoBracelet,Pay_NoBracelet,Pay_NoBracelet,Pay_NoBracelet,Pay_NoBracelet,Y,,,,,N,,,,,NoPay_NoBracelet,Pay_NoBracelet,Pay_NoBracelet,Pay_NoBracelet,Pay_NoBracelet,0,
A132,F,55,L,10,NA,NA,y,FORAGING,Y,,,,,N,,,,,NoPay_NoBracelet,Pay_NoBracelet,Pay_NoBracelet,Pay_NoBracelet,Pay_NoBracelet,Y,,,,,N,,,,,NoPay_NoBracelet,Pay_NoBracelet,Pay_NoBracelet,Pay_NoBracelet,Pay_NoBracelet,0,
742,F,51,M,9,NA,NA,y,HUNTING,Y,,,,,Y,,,,,NoPay_NoBracelet,Pay_NoBracelet,Pay_NoBracelet,Pay_NoBracelet,Pay_NoBracelet,Y,,,,,N,,,,,NoPay_NoBracelet,Pay_NoBracelet,Pay_NoBracelet,Pay_NoBracelet,Pay_NoBracelet,0,
743,F,46,M,9,NA,NA,y,FORAGING,Y,,,,,N,,,,,NoPay_NoBracelet,Pay_NoBracelet,Pay_NoBracelet,Pay_NoBracelet,Pay_NoBracelet,Y,,,,,Y,,,,,NoPay_NoBracelet,Pay_NoBracelet,Pay_NoBracelet,Pay_NoBracelet,Pay_NoBracelet,0,
91,F,58,M,9,NA,NA,y,FORAGING,Y,,,,,N,,,,,NoPay_NoBracelet,Pay_NoBracelet,Pay_NoBracelet,Pay_NoBracelet,Pay_NoBracelet,Y,,,,,N,,,,,NoPay_NoBracelet,Pay_NoBracelet,Pay_NoBracelet,Pay_NoBracelet,Pay_NoBracelet,0,
141,F,19,M,9,NA,NA,y,FORAGING,Y,,,,,N,,,,,NoPay_NoBracelet,Pay_NoBracelet,Pay_NoBracelet,Pay_NoBracelet,Pay_NoBracelet,Y,,,,,N,,,,,NoPay_NoBracelet,Pay_NoBracelet,Pay_NoBracelet,Pay_NoBracelet,Pay_NoBracelet,0,
1029,M,59,M,9,NA,NA,y,HUNTING,Y,,,,,N,,,,,NoPay_NoBracelet,Pay_NoBracelet,Pay_NoBracelet,Pay_NoBracelet,Pay_NoBracelet,Y,,,,,Y,,,,,NoPay_NoBracelet,Pay_NoBracelet,Pay_NoBracelet,Pay_NoBracelet,Pay_NoBracelet,0,
A24,M,23,M,9,NA,NA,y,HUNTING,Y,Y,Y,Y,Y,N,N,Y,Y,N,NoPay_NoBracelet,Pay_NoBracelet,Pay_NoBracelet,Pay_NoBracelet,Pay_NoBracelet,Y,,,,,N,,,,,NoPay_NoBracelet,Pay_NoBracelet,Pay_NoBracelet,Pay_NoBracelet,Pay_NoBracelet,0,
A25,M,23,M,9,NA,NA,y,HUNTING,Y,,,,,Y,,,,,NoPay_NoBracelet,Pay_NoBracelet,Pay_NoBracelet,Pay_NoBracelet,Pay_NoBracelet,Y,,,,,N,,,,,NoPay_NoBracelet,Pay_NoBracelet,Pay_NoBracelet,Pay_NoBracelet,Pay_NoBracelet,0,
459,F,17,M,9,NA,NA,y,FORAGING,Y,,,,,N,,,,,NoPay_NoBracelet,Pay_NoBracelet,Pay_NoBracelet,Pay_NoBracelet,Pay_NoBracelet,Y,,,,,N,,,,,NoPay_NoBracelet,Pay_NoBracelet,Pay_NoBracelet,Pay_NoBracelet,Pay_NoBracelet,0,
499,F,17,M,9,NA,NA,y,HUNTING,Y,,,,,N,,,,,NoPay_NoBracelet,Pay_NoBracelet,Pay_NoBracelet,Pay_NoBracelet,Pay_NoBracelet,Y,,,,,Y,,,,,NoPay_NoBracelet,Pay_NoBracelet,Pay_NoBracelet,Pay_NoBracelet,Pay_NoBracelet,0,
506,M,55,N,12,NA,NA,y,FORAGING,Y,Y,Y,,,Y,N,Y,,,NoPay_NoBracelet,Pay_NoBracelet,Pay_NoBracelet,Pay_NoBracelet,Pay_NoBracelet,Y,,,,,Y,,,,,NoPay_NoBracelet,Pay_NoBracelet,Pay_NoBracelet,Pay_NoBracelet,Pay_NoBracelet,0,
171,M,63,N,12,NA,NA,y,FORAGING,Y,,,,,N,,,,,NoPay_NoBracelet,Pay_NoBracelet,Pay_NoBracelet,Pay_NoBracelet,Pay_NoBracelet,Y,,,,,N,,,,,NoPay_NoBracelet,Pay_NoBracelet,Pay_NoBracelet,Pay_NoBracelet,Pay_NoBracelet,0,
676,M,26,N,12,NA,NA,y,HUNTING,Y,,,,,Y,,,,,NoPay_NoBracelet,Pay_NoBracelet,Pay_NoBracelet,Pay_NoBracelet,Pay_NoBracelet,Y,,,,,N,,,,,NoPay_NoBracelet,Pay_NoBracelet,Pay_NoBracelet,Pay_NoBracelet,Pay_NoBracelet,0,
1816,M,60,N,12,NA,NA,y,HUNTING,Y,,,,,N,,,,,NoPay_NoBracelet,Pay_NoBracelet,Pay_NoBracelet,Pay_NoBracelet,Pay_NoBracelet,N,,,,,,,,,,NoPay_NoBracelet,Pay_NoBracelet,Pay_NoBracelet,Pay_NoBracelet,Pay_NoBracelet,0,
216,M,36,N,12,NA,NA,y,FORAGING,Y,,,,,N,,,,,NoPay_NoBracelet,Pay_NoBracelet,Pay_NoBracelet,Pay_NoBracelet,Pay_NoBracelet,N,,,,,N,,,,,NoPay_NoBracelet,Pay_NoBracelet,Pay_NoBracelet,Pay_NoBracelet,Pay_NoBracelet,0,
A28,M,40,N,12,NA,NA,y,HUNTING,Y,,,,,N,,,,,NoPay_NoBracelet,Pay_NoBracelet,Pay_NoBracelet,Pay_NoBracelet,Pay_NoBracelet,N,,,,,N,,,,,NoPay_NoBracelet,Pay_NoBracelet,Pay_NoBracelet,Pay_NoBracelet,Pay_NoBracelet,0,
67,F,41,N,12,NA,NA,y,HUNTING,Y,,,,,N,,,,,NoPay_NoBracelet,Pay_NoBracelet,Pay_NoBracelet,Pay_NoBracelet,Pay_NoBracelet,N,,,,,Y,,,,,NoPay_NoBracelet,Pay_NoBracelet,Pay_NoBracelet,Pay_NoBracelet,Pay_NoBracelet,0,
748,F,58,N,12,NA,NA,y,FORAGING,Y,,,,,N,,,,,NoPay_NoBracelet,Pay_NoBracelet,Pay_NoBracelet,Pay_NoBracelet,Pay_NoBracelet,N,,,,,Y,,,,,NoPay_NoBracelet,Pay_NoBracelet,Pay_NoBracelet,Pay_NoBracelet,Pay_NoBracelet,0,
563,F,41,N,12,NA,NA,y,FORAGING,Y,,,,,Y,,,,,NoPay_NoBracelet,Pay_NoBracelet,Pay_NoBracelet,Pay_NoBracelet,Pay_NoBracelet,N,,,,,N,,,,,NoPay_NoBracelet,Pay_NoBracelet,Pay_NoBracelet,Pay_NoBracelet,Pay_NoBracelet,0,
340,F,50,N,12,NA,NA,y,FORAGING,Y,,,,,N,,,,,NoPay_NoBracelet,Pay_NoBracelet,Pay_NoBracelet,Pay_NoBracelet,Pay_NoBracelet,N,,,,,Y,,,,,NoPay_NoBracelet,Pay_NoBracelet,Pay_NoBracelet,Pay_NoBracelet,Pay_NoBracelet,0,
108,F,18,N,12,NA,NA,y,FORAGING,Y,,,,,Y,,,,,NoPay_NoBracelet,Pay_NoBracelet,Pay_NoBracelet,Pay_NoBracelet,Pay_NoBracelet,N,,,,,Y,,,,,NoPay_NoBracelet,Pay_NoBracelet,Pay_NoBracelet,Pay_NoBracelet,Pay_NoBracelet,0,
202,M,22,N,12,NA,NA,y,FORAGING,Y,,,,,N,,,,,NoPay_NoBracelet,Pay_NoBracelet,Pay_NoBracelet,Pay_NoBracelet,Pay_NoBracelet,N,,,,,Y,,,,,NoPay_NoBracelet,Pay_NoBracelet,Pay_NoBracelet,Pay_NoBracelet,Pay_NoBracelet,0,
20,F,37,O,20,NA,NA,n,HUNTING,N,,,,,,,,,,NoPay_NoBracelet,Pay_NoBracelet,Pay_NoBracelet,Pay_NoBracelet,Pay_NoBracelet,N,,,,,,,,,,NoPay_NoBracelet,Pay_NoBracelet,Pay_NoBracelet,Pay_NoBracelet,Pay_NoBracelet,1,
K219,F,70,O,20,NA,NA,n,FORAGING,N,,,,,,,,,,NoPay_NoBracelet,Pay_NoBracelet,Pay_NoBracelet,Pay_NoBracelet,Pay_NoBracelet,N,,,,,,,,,,NoPay_NoBracelet,Pay_NoBracelet,Pay_NoBracelet,Pay_NoBracelet,Pay_NoBracelet,0,
31,F,55,O,20,NA,NA,n,FORAGING,N,,,,,,,,,,NoPay_NoBracelet,NoPay_NoBracelet,NoPay_NoBracelet,NoPay_NoBracelet,NoPay_NoBracelet,N,,,,,,,,,,NoPay_NoBracelet,NoPay_NoBracelet,NoPay_NoBracelet,NoPay_NoBracelet,NoPay_NoBracelet,0,
78,F,43,O,20,NA,NA,n,FORAGING,N,,,,,,,,,,NoPay_NoBracelet,NoPay_NoBracelet,NoPay_NoBracelet,NoPay_NoBracelet,NoPay_NoBracelet,Y,Y,Y,,,N,N,N,,,NoPay_NoBracelet,NoPay_NoBracelet,NoPay_NoBracelet,NoPay_NoBracelet,NoPay_NoBracelet,0,
6016,F,26,O,20,NA,NA,n,HUNTING,N,,,,,,,,,,NoPay_NoBracelet,NoPay_NoBracelet,NoPay_NoBracelet,NoPay_NoBracelet,NoPay_NoBracelet,N,,,,,,,,,,NoPay_NoBracelet,NoPay_NoBracelet,NoPay_NoBracelet,NoPay_NoBracelet,NoPay_NoBracelet,1,
2129,F,67,O,20,NA,NA,n,FORAGING,N,,,,,,,,,,NoPay_NoBracelet,NoPay_NoBracelet,NoPay_NoBracelet,NoPay_NoBracelet,NoPay_NoBracelet,N,,,,,,,,,,NoPay_NoBracelet,NoPay_NoBracelet,NoPay_NoBracelet,NoPay_NoBracelet,NoPay_NoBracelet,1,twice?
K31,M,67,O,20,NA,NA,n,HUNTING,Y,Y,Y,Y,Y,N,N,N,N,N,NoPay_NoBracelet,NoPay_NoBracelet,NoPay_NoBracelet,NoPay_NoBracelet,NoPay_NoBracelet,Y,Y,Y,,,Y,N,N,,,NoPay_NoBracelet,NoPay_NoBracelet,NoPay_NoBracelet,NoPay_NoBracelet,NoPay_NoBracelet,0,
136,M,48,O,20,NA,NA,n,HUNTING,Y,Y,Y,Y,,Y,Y,Y,,,NoPay_NoBracelet,NoPay_NoBracelet,NoPay_NoBracelet,NoPay_NoBracelet,NoPay_NoBracelet,Y,Y,,,,Y,Y,,,,NoPay_NoBracelet,NoPay_NoBracelet,NoPay_NoBracelet,NoPay_NoBracelet,NoPay_NoBracelet,1,twice?
K207,F,41,O,20,NA,NA,n,FORAGING,N,,,,,,,,,,NoPay_NoBracelet,NoPay_NoBracelet,NoPay_NoBracelet,NoPay_NoBracelet,NoPay_NoBracelet,N,,,,,,,,,,NoPay_NoBracelet,NoPay_NoBracelet,NoPay_NoBracelet,NoPay_NoBracelet,NoPay_NoBracelet,0,
183,M,38,O,20,NA,NA,n,HUNTING,Y,Y,Y,Y,Y,N,N,N,N,N,NoPay_NoBracelet,NoPay_NoBracelet,NoPay_NoBracelet,NoPay_NoBracelet,NoPay_NoBracelet,Y,Y,Y,,,N,Y,N,,,NoPay_NoBracelet,NoPay_NoBracelet,NoPay_NoBracelet,NoPay_NoBracelet,NoPay_NoBracelet,0,
1718,F,38,O,20,NA,NA,n,FORAGING,N,,,,,,,,,,NoPay_NoBracelet,NoPay_NoBracelet,NoPay_NoBracelet,NoPay_NoBracelet,NoPay_NoBracelet,Y,Y,,,,N,N,,,,NoPay_NoBracelet,NoPay_NoBracelet,NoPay_NoBracelet,NoPay_NoBracelet,NoPay_NoBracelet,1,
K206,F,51,O,20,NA,NA,n,HUNTING,N,,,,,,,,,,NoPay_NoBracelet,NoPay_NoBracelet,NoPay_NoBracelet,NoPay_NoBracelet,NoPay_NoBracelet,N,,,,,,,,,,NoPay_NoBracelet,NoPay_NoBracelet,NoPay_NoBracelet,NoPay_NoBracelet,NoPay_NoBracelet,0,
632,M,67,O,20,NA,NA,n,FORAGING,N,,,,,,,,,,NoPay_NoBracelet,NoPay_NoBracelet,NoPay_NoBracelet,NoPay_NoBracelet,NoPay_NoBracelet,N,,,,,,,,,,NoPay_NoBracelet,NoPay_NoBracelet,NoPay_NoBracelet,NoPay_NoBracelet,NoPay_NoBracelet,0,
K203,M,21,O,20,NA,NA,n,FORAGING,Y,Y,Y,Y,Y,N,N,N,N,N,NoPay_NoBracelet,NoPay_NoBracelet,NoPay_NoBracelet,NoPay_NoBracelet,NoPay_NoBracelet,Y,,,,,N,,,,,NoPay_NoBracelet,NoPay_NoBracelet,NoPay_NoBracelet,NoPay_NoBracelet,NoPay_NoBracelet,0,
K32,F,63,O,20,NA,NA,n,HUNTING,N,,,,,,,,,,NoPay_NoBracelet,NoPay_NoBracelet,NoPay_NoBracelet,NoPay_NoBracelet,NoPay_NoBracelet,N,,,,,,,,,,NoPay_NoBracelet,NoPay_NoBracelet,NoPay_NoBracelet,NoPay_NoBracelet,NoPay_NoBracelet,0,
K8,F,21,O,20,NA,NA,n,FORAGING,Y,Y,Y,Y,Y,N,N,N,N,N,NoPay_NoBracelet,NoPay_NoBracelet,NoPay_NoBracelet,NoPay_NoBracelet,NoPay_NoBracelet,N,,,,,,,,,,NoPay_NoBracelet,NoPay_NoBracelet,NoPay_NoBracelet,NoPay_NoBracelet,NoPay_NoBracelet,0,
K2C5,F,26,O,20,NA,NA,n,HUNTING,N,,,,,,,,,,NoPay_NoBracelet,NoPay_NoBracelet,NoPay_NoBracelet,NoPay_NoBracelet,NoPay_NoBracelet,N,,,,,,,,,,NoPay_NoBracelet,NoPay_NoBracelet,NoPay_NoBracelet,NoPay_NoBracelet,NoPay_NoBracelet,0,
K204,M,55,O,20,NA,NA,n,FORAGING,N,,,,,,,,,,NoPay_NoBracelet,NoPay_NoBracelet,NoPay_NoBracelet,NoPay_NoBracelet,NoPay_NoBracelet,N,,,,,,,,,,NoPay_NoBracelet,NoPay_NoBracelet,NoPay_NoBracelet,NoPay_NoBracelet,NoPay_NoBracelet,0,
A130,F,23,O,20,NA,NA,n,FORAGING,N,,,,,,,,,,NoPay_NoBracelet,NoPay_NoBracelet,NoPay_NoBracelet,NoPay_NoBracelet,NoPay_NoBracelet,N,,,,,,,,,,NoPay_NoBracelet,NoPay_NoBracelet,NoPay_NoBracelet,NoPay_NoBracelet,NoPay_NoBracelet,0,
623,M,36,O,20,NA,NA,n,FORAGING,Y,Y,Y,Y,,Y,Y,Y,,,NoPay_NoBracelet,NoPay_NoBracelet,NoPay_NoBracelet,NoPay_NoBracelet,NoPay_NoBracelet,Y,Y,Y,,,N,N,N,,,NoPay_NoBracelet,NoPay_NoBracelet,NoPay_NoBracelet,NoPay_NoBracelet,NoPay_NoBracelet,0,
81,F,55,P,14,NA,NA,n,FORAGING,N,,,,,,,,,,NoPay_NoBracelet,NoPay_NoBracelet,NoPay_NoBracelet,NoPay_NoBracelet,NoPay_NoBracelet,N,,,,,,,,,,NoPay_NoBracelet,NoPay_NoBracelet,NoPay_NoBracelet,NoPay_NoBracelet,NoPay_NoBracelet,0,
96,F,44,P,14,NA,NA,n,FORAGING,N,,,,,,,,,,NoPay_NoBracelet,NoPay_NoBracelet,NoPay_NoBracelet,NoPay_NoBracelet,NoPay_NoBracelet,N,,,,,,,,,,NoPay_NoBracelet,NoPay_NoBracelet,NoPay_NoBracelet,NoPay_NoBracelet,NoPay_NoBracelet,1,
1095,F,37,P,14,NA,NA,n,FORAGING,N,,,,,,,,,,NoPay_NoBracelet,NoPay_NoBracelet,NoPay_NoBracelet,NoPay_NoBracelet,NoPay_NoBracelet,N,,,,,,,,,,NoPay_NoBracelet,NoPay_NoBracelet,NoPay_NoBracelet,NoPay_NoBracelet,NoPay_NoBracelet,1,
1700,M,29,P,14,NA,NA,n,FORAGING,Y,Y,Y,Y,Y,N,N,N,N,N,NoPay_NoBracelet,NoPay_NoBracelet,NoPay_NoBracelet,NoPay_NoBracelet,NoPay_NoBracelet,Y,Y,Y,,,N,N,N,,,NoPay_NoBracelet,NoPay_NoBracelet,NoPay_NoBracelet,NoPay_NoBracelet,NoPay_NoBracelet,0,
K223,F,27,P,14,NA,NA,n,HUNTING,N,,,,,,,,,,NoPay_NoBracelet,NoPay_NoBracelet,NoPay_NoBracelet,NoPay_NoBracelet,NoPay_NoBracelet,N,,,,,,,,,,NoPay_NoBracelet,NoPay_NoBracelet,NoPay_NoBracelet,NoPay_NoBracelet,NoPay_NoBracelet,0,
K39,M,28,P,14,NA,NA,y,HUNTING,Y,Y,Y,Y,Y,N,N,N,N,N,NoPay_NoBracelet,NoPay_NoBracelet,NoPay_NoBracelet,NoPay_NoBracelet,NoPay_NoBracelet,Y,Y,Y,,,Y,Y,Y,,,NoPay_NoBracelet,NoPay_NoBracelet,NoPay_NoBracelet,NoPay_NoBracelet,NoPay_NoBracelet,0,
K222,M,35,P,14,NA,NA,n,HUNTING,N,,,,,,,,,,NoPay_NoBracelet,NoPay_NoBracelet,NoPay_NoBracelet,NoPay_NoBracelet,NoPay_NoBracelet,N,,,,,,,,,,NoPay_NoBracelet,NoPay_NoBracelet,NoPay_NoBracelet,NoPay_NoBracelet,NoPay_NoBracelet,0,
K14,M,30,P,14,NA,NA,n,FORAGING,N,,,,,,,,,,NoPay_NoBracelet,NoPay_NoBracelet,NoPay_NoBracelet,NoPay_NoBracelet,NoPay_NoBracelet,N,,,,,,,,,,NoPay_NoBracelet,NoPay_NoBracelet,NoPay_NoBracelet,NoPay_NoBracelet,NoPay_NoBracelet,0,
446,F,50,P,14,NA,NA,n,HUNTING,N,,,,,,,,,,NoPay_NoBracelet,NoPay_NoBracelet,NoPay_NoBracelet,NoPay_NoBracelet,NoPay_NoBracelet,N,,,,,,,,,,NoPay_NoBracelet,NoPay_NoBracelet,NoPay_NoBracelet,NoPay_NoBracelet,NoPay_NoBracelet,1,twice?
K224,F,22,P,14,NA,NA,n,HUNTING,N,,,,,,,,,,NoPay_NoBracelet,NoPay_NoBracelet,NoPay_NoBracelet,NoPay_NoBracelet,NoPay_NoBracelet,N,,,,,,,,,,NoPay_NoBracelet,NoPay_NoBracelet,NoPay_NoBracelet,NoPay_NoBracelet,NoPay_NoBracelet,0,
626,M,38,P,14,NA,NA,n,FORAGING,Y,Y,Y,Y,Y,N,N,N,N,N,NoPay_NoBracelet,NoPay_NoBracelet,NoPay_NoBracelet,NoPay_NoBracelet,NoPay_NoBracelet,Y,Y,,,,N,Y,,,,NoPay_NoBracelet,NoPay_NoBracelet,NoPay_NoBracelet,NoPay_NoBracelet,NoPay_NoBracelet,0,
K221,M,32,P,14,NA,NA,n,HUNTING,Y,Y,Y,Y,Y,N,N,N,N,N,NoPay_NoBracelet,NoPay_NoBracelet,NoPay_NoBracelet,NoPay_NoBracelet,NoPay_NoBracelet,Y,Y,Y,Y,Y,Y,N,N,Y,N,NoPay_NoBracelet,NoPay_NoBracelet,NoPay_NoBracelet,NoPay_NoBracelet,NoPay_NoBracelet,0,
K225,F,20,P,14,NA,NA,n,HUNTING,N,,,,,,,,,,NoPay_NoBracelet,NoPay_NoBracelet,NoPay_NoBracelet,NoPay_NoBracelet,NoPay_NoBracelet,N,,,,,,,,,,NoPay_NoBracelet,NoPay_NoBracelet,NoPay_NoBracelet,NoPay_NoBracelet,NoPay_NoBracelet,0,
645,M,25,P,14,NA,NA,n,FORAGING,Y,Y,,,,N,N,,,,NoPay_NoBracelet,NoPay_NoBracelet,NoPay_NoBracelet,NoPay_NoBracelet,NoPay_NoBracelet,N,,,,,,,,,,NoPay_NoBracelet,NoPay_NoBracelet,NoPay_NoBracelet,NoPay_NoBracelet,NoPay_NoBracelet,0,
A18,M,25,Q,14,NA,NA,n,FORAGING,Y,Y,Y,Y,Y,N,N,N,N,N,NoPay_NoBracelet,NoPay_NoBracelet,NoPay_NoBracelet,NoPay_NoBracelet,NoPay_NoBracelet,Y,Y,Y,Y,Y,N,Y,Y,N,N,NoPay_NoBracelet,NoPay_NoBracelet,NoPay_NoBracelet,NoPay_NoBracelet,NoPay_NoBracelet,1,
K218,M,18,Q,14,NA,NA,n,FORAGING,Y,,,,,N,,,,,NoPay_NoBracelet,NoPay_NoBracelet,NoPay_NoBracelet,NoPay_NoBracelet,NoPay_NoBracelet,Y,Y,Y,Y,,N,N,Y,Y,,NoPay_NoBracelet,NoPay_NoBracelet,NoPay_NoBracelet,NoPay_NoBracelet,NoPay_NoBracelet,0,
K211,M,55,Q,14,NA,NA,n,FORAGING,Y,Y,Y,Y,Y,N,N,N,N,N,NoPay_NoBracelet,NoPay_NoBracelet,NoPay_NoBracelet,NoPay_NoBracelet,NoPay_NoBracelet,Y,Y,Y,Y,Y,N,Y,N,Y,Y,NoPay_NoBracelet,NoPay_NoBracelet,NoPay_NoBracelet,NoPay_NoBracelet,NoPay_NoBracelet,0,
K11,F,22,Q,14,NA,NA,n,FORAGING,N,,,,,,,,,,NoPay_NoBracelet,NoPay_NoBracelet,NoPay_NoBracelet,NoPay_NoBracelet,NoPay_NoBracelet,N,,,,,,,,,,NoPay_NoBracelet,NoPay_NoBracelet,NoPay_NoBracelet,NoPay_NoBracelet,NoPay_NoBracelet,0,
K212,M,64,Q,14,NA,NA,n,FORAGING,N,,,,,,,,,,NoPay_NoBracelet,NoPay_NoBracelet,NoPay_NoBracelet,NoPay_NoBracelet,NoPay_NoBracelet,N,,,,,,,,,,NoPay_NoBracelet,NoPay_NoBracelet,NoPay_NoBracelet,NoPay_NoBracelet,NoPay_NoBracelet,0,
K215,F,29,Q,14,NA,NA,n,FORAGING,N,,,,,,,,,,NoPay_NoBracelet,NoPay_NoBracelet,NoPay_NoBracelet,NoPay_NoBracelet,NoPay_NoBracelet,Y,N,,,,Y,,,,,NoPay_NoBracelet,NoPay_NoBracelet,NoPay_NoBracelet,NoPay_NoBracelet,NoPay_NoBracelet,0,Watched hunting game
K216,F,51,Q,14,NA,NA,n,HUNTING,N,,,,,,,,,,NoPay_NoBracelet,NoPay_NoBracelet,NoPay_NoBracelet,NoPay_NoBracelet,NoPay_NoBracelet,N,,,,,,,,,,NoPay_NoBracelet,NoPay_NoBracelet,NoPay_NoBracelet,NoPay_NoBracelet,NoPay_NoBracelet,0,
K213,M,66,Q,14,NA,NA,n,HUNTING,N,,,,,,,,,,NoPay_NoBracelet,NoPay_NoBracelet,NoPay_NoBracelet,NoPay_NoBracelet,NoPay_NoBracelet,N,,,,,,,,,,NoPay_NoBracelet,NoPay_NoBracelet,NoPay_NoBracelet,NoPay_NoBracelet,NoPay_NoBracelet,0,
K214,F,27,Q,14,NA,NA,n,HUNTING,N,,,,,,,,,,NoPay_NoBracelet,NoPay_NoBracelet,NoPay_NoBracelet,NoPay_NoBracelet,NoPay_NoBracelet,N,,,,,,,,,,NoPay_NoBracelet,NoPay_NoBracelet,NoPay_NoBracelet,NoPay_NoBracelet,NoPay_NoBracelet,0,
459,F,24,Q,14,NA,NA,n,HUNTING,N,,,,,,,,,,NoPay_NoBracelet,NoPay_NoBracelet,NoPay_NoBracelet,NoPay_NoBracelet,NoPay_NoBracelet,N,,,,,,,,,,NoPay_NoBracelet,NoPay_NoBracelet,NoPay_NoBracelet,NoPay_NoBracelet,NoPay_NoBracelet,1,twice?
L217,F,45,Q,14,NA,NA,n,FORAGING,N,,,,,,,,,,NoPay_NoBracelet,NoPay_NoBracelet,NoPay_NoBracelet,NoPay_NoBracelet,NoPay_NoBracelet,N,,,,,,,,,,NoPay_NoBracelet,NoPay_NoBracelet,NoPay_NoBracelet,NoPay_NoBracelet,NoPay_NoBracelet,0,
596,M,41,Q,14,NA,NA,n,HUNTING,Y,,,,,N,,,,,NoPay_NoBracelet,NoPay_NoBracelet,NoPay_NoBracelet,NoPay_NoBracelet,NoPay_NoBracelet,N,,,,,,,,,,NoPay_NoBracelet,NoPay_NoBracelet,NoPay_NoBracelet,NoPay_NoBracelet,NoPay_NoBracelet,1,twice?
K210,M,45,Q,14,NA,NA,n,HUNTING,Y,Y,Y,Y,Y,N,N,N,N,N,NoPay_NoBracelet,NoPay_NoBracelet,NoPay_NoBracelet,NoPay_NoBracelet,NoPay_NoBracelet,Y,Y,Y,,,Y,Y,Y,,,NoPay_NoBracelet,NoPay_NoBracelet,NoPay_NoBracelet,NoPay_NoBracelet,NoPay_NoBracelet,0,
1140,F,31,Q,14,NA,NA,n,FORAGING,N,,,,,,,,,,NoPay_NoBracelet,NoPay_NoBracelet,NoPay_NoBracelet,NoPay_NoBracelet,NoPay_NoBracelet,N,,,,,,,,,,NoPay_NoBracelet,NoPay_NoBracelet,NoPay_NoBracelet,NoPay_NoBracelet,NoPay_NoBracelet,1,twice?